<?xml version="1.0" encoding="UTF-8"?>
<configuration>
    <appender name="jsonAppender" class="ch.qos.logback.core.rolling.RollingFileAppender">
        <File>logs/TweetFetcher.json</File>
    </appender>
    <appender name="STDOUT" class="ch.qos.logback.core.ConsoleAppender">
        <encoder>
            <pattern>%d{HH:mm:ss.SSS} [%thread] %-5level %logger{36} - %msg%n</pattern>
        </encoder>
    </appender>
    <root level="ALL">
        <appender-ref ref="jsonAppender"/>
    </root>

    <!--Third party logger settings -->
    <logger name="org.hibernate" level="OFF"/>
</configuration>